date_iso,date_display,source,rating,rating_basis,sentiment,vader_compound,themes,title,job_title,location,employment,pros,cons,body,advice
2019-08-23,"Aug 23, 2019",Indeed,1.0,indeed_topics,negative,-0.4141,Management & Leadership; Pay & Benefits; Workload & Burnout,I wouldn’t recommend this company,Director of Housekeeping and Laundry,"Cleveland, OH",,,,Typical day is stressful I learned a lot from company management is not fair the hardest part is underpaid your not recognized for all you do understaffed all the time long work hours,
2021-12-16,"Dec 16, 2021",Indeed,5.0,indeed_topics,positive,0.7708,Management & Leadership; Pay & Benefits; Meaningful / Patient Work; Flexibility & Schedule,Very supportive in a virtual setting. I feel my job is helping people,Associate Marriage & Family Therapy,"San Diego, CA",,Very supportive,Telehealth can be difficult if you don’t have the experience,"Serene has a case management team who verify insurance, sets up the appointments, match your expertise with the client needs, and a billing department so you can do focus on the client and your job.",
2022-04-13,"Apr 13, 2022",Glassdoor,1.0,glassdoor_overall,negative,-0.3885,Management & Leadership; Pay & Benefits,Save yourself from total mental health deterioration,Anonymous employee,,"Former employee, less than 1 year",I was able to leave,"WORST management. WORST people. Shady shady SHADY people and company. All of upper and senior management are scum of the earth people. Tried having employees take a workshop about the ""art of lying to an insurance company"". For a mental health company they do a FANTASTIC job at ruining their employee's. That's about the only thing they're good at. That and not paying people their bonuses. or their pay in general",,
2022-05-23,"May 23, 2022",Glassdoor,3.0,glassdoor_overall,neutral,-0.8269,Management & Leadership; Pay & Benefits; Career Growth & Advancement; Coworkers & Team,Case management is not equal,Lead care-manager,"San Diego, CA","Current employee, less than 1 year",Great coworkers and the work we do is priceless,"No room for growth , bad benefits , bad pay",,
2022-06-15,"Jun 15, 2022",Indeed,1.6,indeed_topics,negative,0.9194,Management & Leadership; Training & Onboarding; Communication & Organization,Unorganized management,Lead Care Manager,"San Diego, CA",,,,This company is extremely unorganized. They have no policies and procedures set in place. Management has no idea what they’re doing. They provide care management services but provide ZERO training or support to staff and only care about making money. They do not care about their staff and much less the people they serve.,
2022-06-26,"Jun 26, 2022",Glassdoor,4.0,glassdoor_overall,positive,0.765,Management & Leadership,review,Lead care manager,"San Diego, CA",Current employee,Everyone says great things about the management,It seems like many people do not work here long term,,
2022-09-30,"Sep 30, 2022",Indeed,,none,negative,-0.3612,Workload & Burnout; Meaningful / Patient Work; Flexibility & Schedule,The only upside is working remotely,Associate Mental Health Professional,,,,,"Remote They will overload your schedule with patients and many patients may not be appropriate for the services provided. High needs patients and very little supervision given. Also, beware of the productivity checks.",
2022-10-11,"Oct 11, 2022",Glassdoor,2.0,glassdoor_overall,negative,0.2263,Management & Leadership; Training & Onboarding,Not for the faint of heart,Anonymous employee,,Current employee,I can’t think of one,1 week vacation time per year The left hand doesn’t know what the right is doing. No formal training,,Create an actual procedure and process for every department in the company. All upper management should be held by the same standards as lower and mid level employees
2022-12-03,"Dec 03, 2022",Indeed,5.0,indeed_topics,positive,0.9501,Pay & Benefits; Training & Onboarding,Productive and work life balance is great,Clinician II,"San Diego, CA",,,,Staff is helpful and documentation is very simple. Notes turn around time is 72 hours which is really great. Compensation is good. Documentation training is good.,
2023-03-13,"Mar 13, 2023",Glassdoor,2.0,glassdoor_overall,negative,0.9966,Management & Leadership; Micromanagement & Surveillance; Pay & Benefits; Culture & Toxicity; Career Growth & Advancement; Training & Onboarding; Turnover & Retention; Coworkers & Team; Meaningful / Patient Work; Work Conditions & Safety,Not worth deteriorating your mental health for management,Lead care manager,"Cerritos, CA",Former employee,friendships among coworkers; birthday PTO (because who wants to deal with this BS on their birthday),"Where do I even start? It's all about the money and reaching quotas with these people. All lead care managers I've worked with really care for their clients, but middle management especially at the Cerritos location, couldn't care less about these members. Management always seemed too busy or inconvenienced whenever we asked questions. Any concerns shared with our manager/supervisor were deemed as ""complaints"" and us giving ""pushback"". We were often gaslit and manipulated. All our personal achievements were used as success stories by middle management to make them look good. Training is a joke--training consists of sitting in webinars; you don't really learn anything useful. There are very few resources to provide to members in need. It's a requirement to meet members in person every so often (which was fine), but our office is primarily women (except for the supervisor), so the thought of commuting to meet a stranger in person, alone, with no real safety procedures and training set in stone was a major concern when it was first implemented and even is now. When most of us met some of these members and were faced with uncomfortable experiences and inappropriate behavior with a few bad seeds, these concerns were voiced to the manager, but we were gaslit and told ""oh this doesn't happen often"". Thanks for the support. I was told I'd be getting a raise during my first quarterly review. I never saw that come to fruition (been there a year or so). I received a smaller holiday bonus than those whose work quality was way below the standard. I worked hard in this company because I cared for my members, but my successes and achievements didn't amount to anything than to be used as success stories to make the boss man look good (but my documentation template, which I was praised for, was shared with everyone in the office because it was so great -- still no raise though). Turn over rate is ridiculous. They don't promote from within (at least not at Cerritos), they'd rather hire incapable outsiders for managerial roles rather than provide current employees with better opportunities",,"You need better training, better benefits for the BS you put your employees through, and Jesus. Seriously"
2023-03-20,"Mar 20, 2023",Indeed,,none,positive,0.9893,Management & Leadership; Meaningful / Patient Work,Great management Behavioral health patient coordinator,,"San Diego, CA",,,,"I worked here as a behavioral health patient coordinator for about a year and a half. The work itself was fulfilling but what made my time here great was working with people who truly cared about the mission of helping people get mental health services, particularly talk therapy. The specific department I worked for was managed really well, which made it easy to wake up every day knowing that the department/supervisor had each employee's best interest at heart.",
2023-04-16,"Apr 16, 2023",Indeed,,none,positive,0.983,Management & Leadership; Micromanagement & Surveillance; Workload & Burnout; Career Growth & Advancement; Communication & Organization,I enjoy being able to show my skills. Leery of the micromanagement,Lead Care Manager,"San Diego, CA",,,,"What is the best part of working at the company? It’s new and room for growth. There is lots of room to move up as the company is growing. What is the most stressful part about working at the company? Micro management. They say that they don’t but they do. Many supervisors have pet peeves that are unrealistic in the environment. What is the work environment and culture like at the company? It is business like and employees are expected to dress as such. No casual days except Fridays and they still wish to control what we wear down to what shoes are allowed. However, they seem to be successful at what they do and it’s exciting to be a part of a growing organization. What is a typical day like for you at the company? Very busy from start to finish.",
2023-05-20,"May 20, 2023",Glassdoor,2.0,glassdoor_overall,negative,0.9449,Micromanagement & Surveillance; Pay & Benefits; Coworkers & Team; Meaningful / Patient Work,Listen to the reviews,Lead care manager,,"Former employee, less than 1 year",Coworkers were kind Helping the members,"Bad benefits. Ridiculous if anything. Only 5 days of PTO for 1st year compared to other places you get at least 2 weeks of PTO right off the bat. Health insurance is expensive. They don't ""micromanage"" but that's a lie. There were red flags during the interview that I ignored and decided to give it a chance. Don't be like me",,"Honestly, for all the work the employees put in each day, the least you can do is provide BETTER benefits and BETTER pay"
2023-08-20,"Aug 20, 2023",Glassdoor,2.0,glassdoor_overall,negative,0.4603,Management & Leadership; Pay & Benefits; Communication & Organization,Management is pretty bad,Mental health provider,"Tinley Park, IL",Former employee,Pay isn't terrible. Direct supervisor was pretty good,"horrible communication, terrible management, inconsistent expectations, also forced to work 6 days a week",,
2023-09-26,"Sep 26, 2023",Glassdoor,4.0,glassdoor_overall,positive,0.7699,Management & Leadership,Good company,Lead care manager,"Sacramento, CA","Current employee, more than 1 year","Caring management, good work hours",I dont really have a con for the company,,Nothing really I like the company
2023-10-01,"Oct 01, 2023",Indeed,,none,positive,0.9673,Management & Leadership; Workload & Burnout; Career Growth & Advancement; Meaningful / Patient Work,"Fast paced, growth opportunities and rewarding Management California What is the",,,,,,"best part of working at the company? Leadership recognizes those who go above and beyond What is the most stressful part about working at the company? The industry changes frequently What is the work environment and culture like at the company? Comfortable , collaborative and fun What is a typical day like for you at the company? Meetings, calls, and working on projects",
2023-10-11,"Oct 11, 2023",Indeed,,none,positive,0.2833,Management & Leadership; Micromanagement & Surveillance; Pay & Benefits; Coworkers & Team,This job is not worth the pay or mental health,Case Manager,"San Diego, CA",,,,"If you love micromanagement, long unnecessary morning meetings, and manipulations, this is the place for you. Working here has affected my mental health. They are always asking for money for donations or work events. This is not a good pay job especially if they keep asking for money for donations or events. The only good thing about this place is that some coworkers are nice. THIS JOB IS NOT WORTH THE PAY OR MENTAL HEALTH.",
2023-11-09,"Nov 09, 2023",Glassdoor,5.0,glassdoor_overall,positive,0.9612,Coworkers & Team,Great,Lead care manager,"Riverside, CA","Current employee, less than 1 year","Great people, great team, great energy",Working with mental health cans be a little overwhelming,,Work for home
2023-11-25,"Nov 25, 2023",Glassdoor,1.0,glassdoor_overall,negative,-0.1541,Management & Leadership; Pay & Benefits; Culture & Toxicity; Career Growth & Advancement; Turnover & Retention; Coworkers & Team; Meaningful / Patient Work; Flexibility & Schedule; Work Conditions & Safety,People don't stay long,Lead care manager,"San Diego, CA","Former employee, less than 1 year",I learned about essential resources that help underserved populations. Mostly friendly coworkers who help you when you have questions. Potlucks once a month,"Cannot emphasize enough about the unprofessional management that does not support you. Unfair dress code that expects women to wear uncomfortable shoes and men get to wear ""nice"" tennis shoes. The manager of the site refers to the group as a ""family"". Constant badgering to participate in events/gifts that require employees to spend money with an already low wage. The manager pushes her faith during useless and long morning meetings. No option to work from home ever. Turnover rate is high. No room for growth. They have favorites. If you are on their bad side they are not afraid to show it",,
2023-11-27,"Nov 27, 2023",Indeed,,none,positive,0.9633,Management & Leadership; Pay & Benefits; Coworkers & Team; Meaningful / Patient Work,Good Work Place,LCM,"San Diego, CA",,,,"Good company to work for, with good benefits and caring team. I enjoy learning from my team members and working with members. Management is very caring and work with us closely.",
2023-12-03,"Dec 03, 2023",Glassdoor,5.0,glassdoor_overall,positive,0.9943,Management & Leadership; Pay & Benefits; Coworkers & Team; Meaningful / Patient Work,A splash of reality,Lead care manager,,Current employee,"I've been fortunate to work in various environments, yet none have compared to the positive atmosphere and exceptional leadership here. Despite the challenges we encounter, this workplace, under our manager's guidance, feels like a second family. Our manager, who genuinely values each team member, fosters a culture of recognition and support for our achievements. She openly acknowledges that perfection isn't the goal, but prioritizes our well-being above all else, a sentiment echoed in our daily meetings. It's disheartening to read negative comments about our management, as I've experienced firsthand their kindness and human approach. Our manager's initiatives, from morning meetings to team events and birthday celebrations, reflect a commitment to creating an inclusive, respectful, and nurturing workplace. Their dedication to equality and a healthy environment is commendable, coupled with their wisdom, quick thinking, and personal support for both members and employees. Admittedly, this job isn't easy; it demands teamwork, resilience, and patience. However, the joy of helping others and the strength gained through overcoming challenges make it uniquely fulfilling. Those who solely seek a paycheck or lack the willingness to embrace challenges may struggle here, as this incredible team thrives on dedication and hard work",There are no cons to be shared,,"Keep up the amazing work, I support the team and company you all have built here 🫶"
2023-12-07,"Dec 07, 2023",Glassdoor,5.0,glassdoor_overall,positive,0.9893,Management & Leadership; Meaningful / Patient Work,Let’s talk about our SD site manager,Lcm,"San Diego, CA","Current employee, less than 1 year","I am thoroughly impressed by the exceptional environment and the quality of individuals at Serene. Our site manager in San Diego adeptly oversees a team of over 50 employees, demonstrating not only flawless management skills but also a genuine concern for the well-being of her team. Her dedication to the welfare of others is truly commendable, often going the extra mile not just for her staff but for their individual members as well. I must take a moment to commend our site manager; rarely have I encountered a superior who is so attentive and willing to work together to find solutions for any challenges faced. She embodies a blend of problem-solving abilities, compassion, and an innate drive for achieving goals, making her a natural and exemplary leader. The sense of familial belonging that Serene cultivates from day one is remarkable; the warmth extended to me upon joining was truly remarkable. It's disheartening to hear negative remarks about our site manager because, in my experience, I couldn't have wished for a better job. It's not just about the opportunity to enhance people's lives daily, but the genuine and unwavering support from our site manager that surpasses any expectations one could have",I have no negative feedback,,
2023-12-09,"Dec 09, 2023",Glassdoor,4.0,glassdoor_overall,positive,0.9764,Management & Leadership; Pay & Benefits; Coworkers & Team,Content to be Employed,Lead care manager,"San Diego, CA","Current employee, more than 1 year",I have worked at a few places where the upper management never complemented on your work only pointed out what you were doing wrong . The management at Serene Health has always shown appreciation to the hard work the Lead Care Managers put in on a daily basis. The family oriented atmosphere is why I stay. I have been employed with this company for 2 1/2 years and have plans to stay awhile longer. I enjoy my co-workers and have made some true friendships. The managers care about what is going on with you personally and understands we have families too,The insurance benefits could be better. Working 8:30 am to 5:00 pm gives little time to take care of personal issues,,4-10 work days
2023-12-26,"Dec 26, 2023",Glassdoor,1.0,glassdoor_overall,negative,0.3384,Management & Leadership; Culture & Toxicity; Work Conditions & Safety,Horrible leadership,Lead care manager,"San Diego, CA",Former employee,"Standard 8:30-5:30, rarely needed to take OT","Cliquey family nepotism, toxic leadership who speaks poorly on almost every employee, and terrible perspective on office COVID protocols. They play favorites and the people all hate their jobs just as much as you do",,"Have more compassion, patience, and be a leader by example other than just telling people we have to love our jobs"
2024-01-01,"Jan 01, 2024",Glassdoor,4.0,glassdoor_overall,positive,0.7256,Management & Leadership; Pay & Benefits,Nice work place,Care coordinator,,Current employee,"High expectatives, totally doable, nice surroundings excellent team work","Not that good Pay, but worth it",,"Frat office management, upper management do not think about their workers,Just money"
2024-01-04,"Jan 04, 2024",Indeed,,none,positive,0.8932,Management & Leadership; Pay & Benefits,Great experience,Lead Care Manager,"San Diego, CA",,,,"Excellent team work, management is really Reasonable and the energy in the office is great, wage is not that good and sometimes upper management is to demanding",
2024-01-10,"Jan 10, 2024",Glassdoor,1.0,glassdoor_overall,negative,-0.128,Career Growth & Advancement; Training & Onboarding,Good stepping stone,Healthcare representative,"San Diego, CA",Former employee,Get to test your skills with self managing,No real training and pressure to opt in,,
2024-01-12,"Jan 12, 2024",Indeed,1.0,indeed_topics,negative,0.9517,Management & Leadership; Pay & Benefits; Meaningful / Patient Work,0 stars for management Enhanced Care Management- Lead,Care Coordinator,"Cerritos, CA",,Able to leave the office to visit your members,Lack of motivational energy,"Company is generous with holiday bonuses. Cerritos office is very blan, and the manager doesn’t offer emotional support and over sees the errors of his team, rather than their success.",
2024-01-30,"Jan 30, 2024",Indeed,,none,positive,0.9131,Management & Leadership; Training & Onboarding,very good,Team Member,"San Diego, CA",,,,"This workplace very good and I recoomend for all to work here. The staff is very helpful and was very welcoming, with the onboarding process, Highly reccomend",
2024-03-12,"Mar 12, 2024",Indeed,,none,neutral,0.0,,Promotor posgrados lcm cetys universidad Excelente ambiente laboral,,,,,,,
2024-03-28,"Mar 28, 2024",Indeed,,none,positive,0.7612,Management & Leadership; Micromanagement & Surveillance; Culture & Toxicity; Training & Onboarding; Turnover & Retention; Coworkers & Team; Meaningful / Patient Work,Do not work here,Lead Care Manager,"San Diego, CA",,,,"Terrible management, turnover, and lack of training. Nepotism and unqualified personnel. They don’t care about the patients, just the money and your numbers. Cameras to watch you work. Only upside were some of the coworkers who cared, stick together and last until you find another job!",
2024-04-04,"Apr 04, 2024",Indeed,1.0,indeed_topics,negative,-0.9583,Management & Leadership; Micromanagement & Surveillance; Pay & Benefits; Workload & Burnout; Culture & Toxicity; Career Growth & Advancement; Work Conditions & Safety,"Breach of Authority from Leadership, Toxic Work Environment",Lead Care Manager,,,"Consistent hours, overtime available, easy tasks","Unprofessional passive aggressive behavior, false deadlines for growth/ advancement towards compensation, pressuring uncomfortable disciplinary action, Unfair wages, high volume technical difficulties unresolved, Lack of upkeep to working conditions","3635 Ruffin Road DO NOT WORK HERE- absolutely toxic work culture, extremely poor power of Authority & lack of health leadership skills from CEO & management. Felt as if I was walking on eggshells every hour on the clock. Every job task is micromanaged, negative punishment & passive-aggressive behavior used against employees, favoritism targetted towards select few. Lack of encouragement, affirmation, and compensation growth to exemplary work demonstrated consistently even with High performing employees surpassing metrics & KPI's.",
2024-04-22,"Apr 22, 2024",Indeed,1.6,indeed_topics,negative,0.9552,Management & Leadership; Micromanagement & Surveillance; Workload & Burnout; Culture & Toxicity; Turnover & Retention; Meaningful / Patient Work,Only if you need experience and/or a job for now,Lead Care Manager,"San Diego, CA",,Experience,"Micromanaging, belittling, and favoritism",My typical day started with anxiety. This company definitely cares more about numbers over quality of care. I was anxious to meet my call quota. I had to have faith and courage to focus on giving quality help with my members and risk not meeting the quota They are big on micromanaging which includes watching you with the cameras. I was constantly berated for not meeting quota even though I repeated requested non active members be removed from my caseload. Also they keep non active members on caseloads to boost their numbers. There are good team leads but they can only do so much because the supervisors are task masters that smile in your face but help with nothing. This place is polluted with favoritism. Get your experience and move on when you get it. Extremely high turnover rate.,
2024-04-23,"Apr 23, 2024",Indeed,5.0,indeed_topics,positive,0.9955,Management & Leadership; Career Growth & Advancement; Training & Onboarding; Communication & Organization; Coworkers & Team; Flexibility & Schedule,"Workplace Culture, Leadership, Flexible, Hands on Training, Diversity",Lead Care Manager,"San Diego, CA",,,,"Overall, a great place to work prioritizes the well-being and growth of its employees, cultivates a positive and inclusive culture, and provides opportunities for meaningful work and advancement. A workplace with a positive culture fosters collaboration, open communication, and mutual respect among colleagues. Employees feel valued, supported, and motivated to perform their best. Effective leadership sets the tone for the entire organization. Leaders who are transparent, empathetic, and inspirational can empower employees, provide clear direction, and promote a sense of trust and confidence in the company's vision and values.",
2024-05-19,"May 19, 2024",Indeed,,none,positive,0.9741,Training & Onboarding; Meaningful / Patient Work,Good place to work,LCM,"San Diego, CA",,,,Great place to work! Everyone is friendly and willing to help. Onboarding process is very quick. You get to help others and is very rewarding. Great place to get experience,
2024-06-04,"Jun 04, 2024",Glassdoor,3.0,glassdoor_overall,neutral,0.9908,Management & Leadership; Pay & Benefits; Culture & Toxicity; Coworkers & Team; Meaningful / Patient Work; Flexibility & Schedule,Good for experience,Lead care manager,"San Diego, CA","Former employee, less than 1 year",The people you work with can become like a second family and are a big support. You get to help people and it is very rewarding when you make a difference in someone's life. It's a great position to get experience in the care management field and then explore other options,"The pay and benefits are some of the biggest downsides. Not to mention that upper management refuses to consider flexible work schedules or hybrid work for dedicated and ""loyal "" workers. Favoritism is also huge here and the main supervisor can often take things too personal. Upper management also loves to add things on to the job description all the time. They praise going ""above and beyond"" even if that is at the cost of your well-being",,
2024-06-06,"Jun 06, 2024",Glassdoor,4.0,glassdoor_overall,positive,0.6705,Career Growth & Advancement; Training & Onboarding,Good till you’re licensed Associate mental health therapist 2nd year,,"San Diego, CA",Current employee,Lots of clinical hours and experience,Barely any training or advancement opportunities,,
2024-06-12,"Jun 12, 2024",Indeed,1.0,indeed_topics,negative,0.7615,Management & Leadership; Micromanagement & Surveillance,Terrible place to work at,Lead Care Manager,"San Diego, CA",,,,"The job itself is not bad. It is an easy job to do. However, the management makes this job unnecessarily difficult. They manipulate people and lie to the employees. They micromanage people. All they care about is their pockets. They do not care about the employee's mental health whatsoever.",
2024-06-20,"Jun 20, 2024",Glassdoor,1.0,glassdoor_overall,negative,0.1027,Management & Leadership; Culture & Toxicity; Career Growth & Advancement; Turnover & Retention; Coworkers & Team; Meaningful / Patient Work,I feel compelled to be honest,Human rescources,,Current employee,The patients and members lives we get to change,"High turnover in all departments, corrupt leadership, unprofessional friendships that allow harassment, bullying and retaliation to flourish like wildfire. If you have other opportunities; take them. This is the highest turnover rate I have experienced in 10+ years of work experience",,
2024-06-27,"Jun 27, 2024",Glassdoor,1.0,glassdoor_overall,negative,-0.8632,Management & Leadership; Culture & Toxicity,"SAVE YOURSELF, DO NOT WORK HERE",Lead care manager,"San Diego, CA","Current employee, less than 1 year","Do not work here. HR department is trash. You cannot complain here without being thrown out the door or abused. The whole management here is absolute garbage, this is not a company BUT A JOKE. PLEASE SAVE YOURSELF. I am only giving 1 star, but want to put 0 STARS","Everything. Management. Managers/CEO do not care. HR department is full of favoritism, lack of leadership, ineffective management, toxic energy will leaving you feeling uncomfortable all the time. It's a toxic and hostile environment. Various people have complained about the department and nothing changed. CEO nor management care about having a positive work environment. Very SAD. DO NOT WORK HERE",,IMPROVE PLEASE. FIRE MANAGEMENT
2024-07-15,"Jul 15, 2024",Glassdoor,1.0,glassdoor_overall,negative,0.9128,Management & Leadership; Pay & Benefits; Workload & Burnout; Culture & Toxicity; Communication & Organization; Turnover & Retention,Toxic workplace environment,Lead care manager,,"Former employee, less than 1 year",None None None None None,Unprofessional management Lots of favoritism They allow anyone to be a manager and don’t take accountability whatsoever HR is a joke and the entire company needs to improve The pay and benefits are not worth the heavy workload I would not recommend this place to anyone who values their sanity and peace of,,Hire people who are equipped to be in a leadership role so you can build a solid foundation. There’s a reason no one stays at this job longer than a year and people are continuously quitting m
2024-07-19,"Jul 19, 2024",Glassdoor,1.0,glassdoor_overall,negative,-0.457,,yikes,Care coordinator,"San Diego, CA",Former employee,"none, nada. zero. sucks, worst",everything you can possibly imagine,,
2024-07-23,"Jul 23, 2024",Glassdoor,1.0,glassdoor_overall,negative,-0.5574,Management & Leadership; Pay & Benefits; Workload & Burnout; Culture & Toxicity; Meaningful / Patient Work; Flexibility & Schedule,Terrible Management,Mental health therapist,"San Diego, CA","Former employee, less than 1 year","Decent benefits, remote work and being of service to the clients",You will be overworked and burned out. The workplace became unbearable when the director of mental health left. The current managers are passive aggressive and unprofessional. The main focus for the company is on making money and not on the client or employee wellbeing,,
2024-09-17,"Sep 17, 2024",Indeed,1.0,indeed_topics,negative,0.9052,Management & Leadership; Workload & Burnout; Career Growth & Advancement; Training & Onboarding,"The work environment was mentally exhausting, with unrealistic expectations and a lack of support from management",Lead Care Manager,"San Diego, CA",,None,Your mental health,"My experience at SERENE HEALTH was unfortunately disappointing. The work environment was mentally exhausting, with unrealistic expectations and a lack of support from management. There was little regard for employee well-being, leading to high levels of stress and burnout. The company culture did not foster growth or positivity, and many employees, including myself, felt undervalued and overworked. I hope the company takes serious steps to improve how they treat their staff, as a healthy and supportive work environment is crucial for long-term success. San Diego office is a joke.",
2024-09-26,"Sep 26, 2024",Indeed,,none,negative,-0.7531,Management & Leadership; Workload & Burnout; Culture & Toxicity,Hostile work environment,Licensed Mental Health Professional,"Chicago, IL",,,,What is the best part of working at the company? Variety of behavioral health clientele What is the most stressful part about working at the company? Poor Management & Expansive caseloads What is the work environment and culture like at the company? Stressful work environment. Minimal diversity.,
2024-09-27,"Sep 27, 2024",Glassdoor,1.0,glassdoor_overall,negative,0.9681,Management & Leadership; Pay & Benefits; Culture & Toxicity; Communication & Organization; Turnover & Retention; Coworkers & Team,DO NOT WORK HERE,Lead care manager,"San Diego, CA","Former employee, less than 1 year",The pay is decent and you have a supportive team but that's the only support you'll receive,"Their turnover rate and employee retention are very poor, which should've been the first red flag. Female Supervisor A.I. is nice and sweet at first then after the first month, she is extremely condescending and passive-aggressive, not supportive at all. They give you more and more work, last minute work to complete with extremely unreasonable due date or notice. The supervisor does not support you and denies you when you try to advocate for yourself. Was given a task at 2:30pm and expected to complete by 5pm. I was a new hire and could not believe this is how they treat new hires after 2 months. They are constantly conducting interviews and people are quitting left and right, myself included. I wish I had never been associated with this company to begin with and I admire the LCMs who still work there",,
2024-11-11,"Nov 11, 2024",Indeed,1.0,indeed_topics,negative,0.0799,Management & Leadership; Micromanagement & Surveillance; Pay & Benefits; Career Growth & Advancement; Turnover & Retention,Micromanaging at its finest,ECM,"San Diego, CA",,Health benefits,Management,There are cameras in the offices monitoring you all day on top of micromanagement from supervisors. No room for growth and high turnover. The job is simple but makes it more difficult with someone watching over you at all times.,
2024-11-21,"Nov 21, 2024",Glassdoor,2.0,glassdoor_overall,negative,0.8885,Management & Leadership; Micromanagement & Surveillance; Culture & Toxicity; Career Growth & Advancement; Meaningful / Patient Work; Flexibility & Schedule,Don’t work here,Clinical care coordinator,"San Diego, CA","Current employee, less than 1 year",Quarterly Potlucks surrounding the holidays,"Micromanagement, petty leadership, false promises, overly strict working schedule (no flexibility). Negative Reinforcement, retaliative behavior, don’t encourage learning & collaboration. Don’t care about the patients",,Leadership should have an education requirement surrounding healthcare administration & how to promote a healthy work place
2024-12-03,"Dec 03, 2024",Glassdoor,2.0,glassdoor_overall,negative,0.9409,Management & Leadership; Micromanagement & Surveillance; Pay & Benefits; Culture & Toxicity; Training & Onboarding; Turnover & Retention; Coworkers & Team,"Not horrible, but a transitional job at best",Lead care manager,"San Diego, CA","Current employee, less than 1 year","we get to help poor people in San Diego -we help them coordinate their appointments, get resources for food, clothes, discounted utilities and anything we can find basically -team of LCMs is nice, friendships are forged here -pay is around $25/hr, which is really not horrible -festive on the holidays","Look I gave this 2 stars out of generosity because I appreciate being employed and getting a paycheck but here is my honest truth -people do not like working at this company, there is an incredibly high turn over rate -yet we are constantly told to ""stay positive"" and ""stop spreading negativity"" like we are the problem -the micromanagement is out of control, employees feel belittled and not respected -management is obsessed with the politics of the office, making it honestly kind of a toxic environment -some supervisors are literal bullies, drunk on power, and management supports it -we are not trained properly -benefits are not great",,
2024-12-05,"Dec 05, 2024",Indeed,,none,neutral,-0.1779,Management & Leadership; Micromanagement & Surveillance; Pay & Benefits,It's ok,Lead Care Manager,"San Diego, CA",,,,"Job is ok, pay is alright. Micromanagement is unbearable. You always feel like something is wrong there. Upper Management must be making a fortune with this amount of pressure of ticking off meaningless metrics.",
2025-01-23,"Jan 23, 2025",Indeed,,none,neutral,-0.1693,Management & Leadership; Micromanagement & Surveillance; Turnover & Retention,Would not recommend to anyone,LCM,"San Diego, CA",,,,"Great job if you need something quick but do not plan on being there more than 3 months. Turnover rate is insane, micromanagement from leadership is very intense.",
2025-02-03,"Feb 03, 2025",Glassdoor,2.0,glassdoor_overall,negative,0.2263,Micromanagement & Surveillance; Pay & Benefits; Workload & Burnout,Underpaid and overworked,Lead case manager,"San Diego, CA","Current employee, more than 1 year",Nice office but that’s about it,Constantly micromanaged and more responsibilities are given,,
2025-02-11,"Feb 11, 2025",Glassdoor,5.0,glassdoor_overall,positive,0.8834,Meaningful / Patient Work,Good Work Enviroment,Lcm,"San Ramon, CA","Former employee, less than 1 year",Members are pretty collaborative and ready to jump in to help,None that I can think of,,
2025-02-25,"Feb 25, 2025",Glassdoor,2.0,glassdoor_overall,negative,0.4226,Communication & Organization; Meaningful / Patient Work,Not great at providing,Anonymous employee,,Current employee,getting experience working with mental health clients,opened a location and accepted clients without it being fully established. - company basically ignores simple requests for better quality of care - company's communication with staff is inconsistent,,
2025-02-26,"Feb 26, 2025",Glassdoor,1.0,glassdoor_overall,negative,0.807,Micromanagement & Surveillance; Pay & Benefits; Career Growth & Advancement; Turnover & Retention; Coworkers & Team; Meaningful / Patient Work,Avoid Job!,Behavioral coordinator,"San Diego, CA",Former employee,No Pros given to the position. Seek elsewhere with actual career opportunities,Extreme high turnover rate. Micromanaged but great team members. Low Pay. No growth opportunities. 1 Year to apply for 401k plan,,
2025-03-10,"Mar 10, 2025",Indeed,1.0,indeed_topics,negative,0.8738,Management & Leadership; Culture & Toxicity; Training & Onboarding; Communication & Organization; Meaningful / Patient Work; Flexibility & Schedule,Stay away,Lead Care Manager,"San Diego, CA",,none,terrible training,"The CEO is unprofessional, those under her are the same. The nepotism is horrible. If you are related you get perks to work from home. The training is sub par. There is no structure. They have a contract to help those with Behavioral Health, Housing needs, etc. but they fall so short and are so behind. They do not take it seriously so therefore they do not train their staff with all the necessary tools to be efficient, an advocate for their clients as the contract states. Save your time, gas and headache.",
2025-03-22,"Mar 22, 2025",Indeed,1.0,indeed_topics,negative,0.4221,Management & Leadership; Micromanagement & Surveillance; Workload & Burnout; Culture & Toxicity; Communication & Organization,Do not work here,Anonymous,,,,,"The CEO fosters a toxic and unhealthy work environment, where respect, professionalism, and teamwork are lacking. There is a clear disregard for diversity and inclusion, and the treatment of employees is often unprofessional and disrespectful. Communication is ineffective, and instead of collaboration, there is a culture of micromanagement and negativity. If you’re considering working here, I would strongly advise researching the company culture beforehand. Leadership sets the tone for any organization, and in this case, it has created a workplace that is more stressful than productive. I hope to see positive changes in the future, but as of now, it’s not an environment I would recommend.",
2025-03-23,"Mar 23, 2025",Indeed,,none,positive,0.9259,Management & Leadership; Micromanagement & Surveillance; Culture & Toxicity; Turnover & Retention; Meaningful / Patient Work,Toxic micromanagement,Ecm,"San Diego, CA",,,,"Save your time and energy and look elsewhere. No-one is happy. Everyone there is either looking for another job, just started or both. The insane turnover itself speaks volumes. Its all about numbers . You feel more like a telemarketer than real care manager helping people.",
2025-03-24,"Mar 24, 2025",Indeed,1.0,indeed_topics,negative,-0.9676,Management & Leadership; Micromanagement & Surveillance; Pay & Benefits; Workload & Burnout; Culture & Toxicity; Career Growth & Advancement; Communication & Organization; Turnover & Retention; Coworkers & Team; Meaningful / Patient Work,Management is the worst and burnt out work,Community Support Lead Case Manager,"Sacramento, CA",,A few colleagues and the members you work for,"Management for sure, even HR, the pay and the mentally draining work they expect out of you for the less pay","The company is very unprofessional and management does not know how to manage a thing and never gets back to you but wants you to complete 10,000 tasks a day. They are not held accountable when they are in the wrong and will back one another for the wrong they do. There is always constant changes and last minute announcements regarding any news or days off. The pay is not what they say and will not budge. And they wonder why they get such a bad turn over from their employees and the people enrolled. Very unorganized company who is trying to grow but does not manage anything. They have clowns running the show and you are under surveillance with no consent signed or information given about it. It is mentally exhausting being in that kind of environment. No room for growth at all there.",
2025-03-27,"Mar 27, 2025",Indeed,2.2,indeed_topics,negative,-0.1403,Management & Leadership; Pay & Benefits; Meaningful / Patient Work; Flexibility & Schedule,Look elsewhere,Psychiatric Mental Health Nurse Practitioner,"Martinez, GA",,"Telehealth, flexible schedule",Too many to count,I enjoyed working with patients with complex mental health conditions. Management was horrible as well as admin. It’s not supportive at all. Pay was always late. Admin duties always delayed for some reason. Not a great work environment for a new NP.,
2025-04-03,"Apr 03, 2025",Indeed,1.0,indeed_topics,negative,0.9133,Management & Leadership; Culture & Toxicity; Meaningful / Patient Work,Most toxic environment ever!,Community Supports,"San Diego, CA",,None,Everything,"Hands down, the very worst company I've ever worked for. The lack of effective leadership is evident because they do NOT support the employees. Whenever you ask for support with a member, they ask you to email but blatantly disregard their emails so you are left unsupported. The upper leadership makes sure to push out the staff that are effective and genuinely care about their work performance and their members. The only thing they are concerned about is making your calls and do not focus on ""quality"" when it comes to helping the homeless population find housing. It's all about making sure that they can bill the various Cal-Aim programs for money. The environment is extremely fake and so is the authenticity of the leadership. If you are looking for a job where you will not be appreciated and you get constantly brushed off and lied to, this is definitely the job for you! If you are passionate about helping the homeless population find housing and you genuinely care about what you are doing, definitely don't go to this employer. They will burn you out and sour your taste for working with a disadvantaged group of people.",
2025-04-11,"Apr 11, 2025",Glassdoor,4.0,glassdoor_overall,positive,0.801,Workload & Burnout; Meaningful / Patient Work,Rewarding Position,Lead care manager,"Los Angeles, CA","Current employee, more than 1 year",Serving the underserved population has always been my passion and this role enables me to do so. The support I receive has allowed me to be successful,"It can be challenging to work with high needs individuals, but we find a way to make it work!",,
2025-04-21,"Apr 21, 2025",Indeed,1.75,indeed_topics,negative,0.9267,Management & Leadership; Pay & Benefits; Workload & Burnout; Culture & Toxicity; Turnover & Retention; Coworkers & Team; Meaningful / Patient Work,Bad supervisor,Lead Care Manager,"San Diego, CA",,,: -Healthcare company that doesn’t offer comprehensive medical insurance. -Accrued time off only but they “value” mental health and self care. I recommend joining the 21st century and offer two weeks. -Everyone on a certain supervisor’s team quits because she looks for reasons to get you in trouble instead of being a good leader. The office manager is all about positivity but is besties with the supervisor who is condescending. -The job is difficult enough. Please don’t add to the stress of the job by setting unrealistic expectations,I enjoyed my coworkers and the job felt rewarding. You will learn a lot about the healthcare system.,
2025-04-25,"Apr 25, 2025",Indeed,4.0,indeed_topics,positive,0.8586,Management & Leadership; Pay & Benefits; Coworkers & Team,Good place to work at CS,,"Staff San Diego, CA",,Great co-workers and benefits,Not enough paid holidays,"If you are organized, you can get to excel in your position. Management is not perfect; they try their best as a growing company and fast-paced environment. I have noticed that ones that struggle in their position at the company are the ones that cannot take direction or constructive criticism. Attendance is a big thing and attention to detail. Those that complain are the ones that don't like to work and don't want to learn. I love what I do.",
2025-05-09,"May 09, 2025",Indeed,1.2,indeed_topics,negative,0.9255,Management & Leadership; Pay & Benefits; Workload & Burnout; Culture & Toxicity; Career Growth & Advancement; Communication & Organization; Meaningful / Patient Work,RUN dont walk away Associate Marriage and Family,Therapist,"San Diego, CA",,"The clients. They’re the reason I stayed as long as I did. Working with them was meaningful, but they deserved clinicians who weren’t barely staying afloat","Feeling like no one cares if you're okay. There’s no room to process, reflect, or even breathe. The emotional toll adds up quickly, and support is rarely offered unless you're already in crisis","What I believe I learned: I learned how to survive in chaos and how not to treat employees. I learned that burnout is real and that protecting your boundaries and mental health is essential. Unfortunately, I did not grow as a clinician here—I spent more time surviving than developing. Management: Disorganized and reactive. Policies shift constantly, often without being communicated. Feedback feels more like blame than support, and there is little investment in your development as a professional. Questions or concerns are often brushed off, and decisions are made from the top down with little transparency. Workplace culture: Toxic. The people who last here either disengage emotionally or stop asking questions. Passion and drive are not rewarded—they’re drained. If you want to clock in, do the bare minimum, and collect a paycheck, you’ll probably be fine. But if you're hoping to learn, grow, and feel supported, this is not the place.",
2025-05-27,"May 27, 2025",Indeed,,none,positive,0.9709,Coworkers & Team; Meaningful / Patient Work,Great team,Anonymous,,,,,Good support system. They care about their employees and it is a company that cares about the community. The company values align with my own. It is a great company,
2025-06-07,"Jun 07, 2025",Glassdoor,5.0,glassdoor_overall,positive,0.7003,Pay & Benefits,Good - suggested,Accountant,Indore,"Current employee, more than 1 year",Good work environment and salary,Location is slightly far away,,
2025-07-12,"Jul 12, 2025",Indeed,,none,neutral,-0.1027,Management & Leadership; Micromanagement & Surveillance; Work Conditions & Safety,The Worst,Patient Coordinator,,,,,"/Receptionist Micromanagement all the way from the top. Do not work here. If you are currently there, run away. To top it all of the office AC does not even work. There is always issues with the restroom as well.",
2025-08-12,"Aug 12, 2025",Glassdoor,1.0,glassdoor_overall,negative,-0.6908,Micromanagement & Surveillance; Pay & Benefits,Terrible. Stay away,Anonymous employee,,"Current employee, less than 1 year",Mileage pay That’s all I can think about,Rules are always changing Not a sustainable job Burn out is real,,Stop micromanaging
2025-08-16,"Aug 16, 2025",Indeed,1.0,indeed_topics,negative,0.8946,Management & Leadership; Micromanagement & Surveillance; Pay & Benefits; Workload & Burnout; Culture & Toxicity; Training & Onboarding; Communication & Organization; Meaningful / Patient Work; Work Conditions & Safety,The Office Has Fleas as of August 2025,Lead Care Manager,"San Diego, CA",,"Staff are very nice, The people we assist are great","Management constantly pressuring LCMs on their metrics, Ignoring the community aspect of our job","A typical day at work: Answer calls, complete care plans, and follow up with members, all while navigating unclear instructions, last-minute changes, and communication breakdowns between supervisors, management, and the staffing agency. Some days included working in unsafe conditions (e.g., flea infestation) with no accommodations. What you believe you learned: How to stay adaptable and keep performing despite poor communication, lack of support, and unequal treatment. I learned to advocate for myself and others, even in an environment that discourages open feedback. Management: Overloaded supervisors due to poor scheduling. Some managers were condescending and dismissive, prioritizing metrics over employee well-being. The COO often undermined supervisors instead of providing clear direction. Workplace culture: A culture of inequality between direct hires and CSL employees, with empty claims of “everyone is equal.” Little genuine concern for staff health or morale. Communication issues were recognized internally but never addressed effectively. The hardest part of the job: Working under inconsistent and unclear leadership while being excluded from benefits and incentives that direct hires received, and dealing with unsafe work conditions. The most enjoyable part of the job: Helping members and knowing the work had a real impact on the community, even if leadership’s priorities didn’t reflect that mission.",
2025-09-12,"Sep 12, 2025",Glassdoor,1.0,glassdoor_overall,negative,0.3926,Management & Leadership; Micromanagement & Surveillance; Pay & Benefits; Culture & Toxicity,Micromanaging condescending upper management,Lcm,,"Current employee, less than 1 year",You get to help the less fortunate and the mileage reimbursement,"Micromanaging..they have cameras in the office and break room and upper management watches and tell site manager what’s going on. You have 5 tasks all due at the same and have to documented, some health companies require double documentation. The micromanaging is overkill",,To become a lead but you get 10 tasks assigned at the same time and due all at the same time
2025-09-22,"Sep 22, 2025",Indeed,2.4,indeed_topics,negative,0.966,Management & Leadership; Micromanagement & Surveillance; Turnover & Retention; Coworkers & Team; Meaningful / Patient Work,Overall good job but management ruins it,Lead Case Manager,"San Diego, CA",,Co-workers,Management,"The job itself is great, you’re always occupied, time goes by quickly, and the work is very rewarding. I genuinely love what I do. Unfortunately, management makes the experience difficult. They micromanage to an extreme level, even when you’re doing excellent work and staying on top of things, which feels unnecessary. At times, they will get you in trouble over the smallest issues, which is demotivating and, I believe, one of the main reasons people quit. You might really enjoy the job in your first week, but after a while, you start to realize how poor some of the management can be. It’s not every one of them, but a few of them have ruined the experience for me, which is disappointing because I used to love working here. Co-workers are the best part of the job though.",
2025-10-31,"Oct 31, 2025",Indeed,3.2,indeed_topics,neutral,0.959,Management & Leadership; Micromanagement & Surveillance; Workload & Burnout; Meaningful / Patient Work,Upper management micromanagement,Lead Care Manager,,,"If you’re empathetic and love helping others, this is a good field","Upper management micromanagement, they have cameras in the office for upper management to listen and watch","/Enhanced Care Manager Los Angeles, CA Upper management micromanages. Heavy case load, you have to make calls, put notes in, have in person visits with members, along with other assignments. You never really have time to help members with their requests for medical assistance (such as helping members find a pcp, dentists, accompany members to Dr appointments)",
2025-11-16,"Nov 16, 2025",Indeed,,none,neutral,-0.0799,Workload & Burnout,Accommodating but stressful,Therapist,,,,,Supervision is very helpful. They work with you if you are willing to work with them. Case Load can be a bit high in order to account for no-shows.,
2025-11-24,"Nov 24, 2025",Glassdoor,1.0,glassdoor_overall,negative,0.8803,Management & Leadership; Culture & Toxicity; Career Growth & Advancement; Communication & Organization,Management/Supervisors need replacement,Lead care manager,"San Ramon, CA","Current employee, less than 1 year",There are no Pros at Serene,Leadership does not model the values they promote. Favoritism influences senior roles and decisions. Site managers misuse staff for relaying disciplinary messages. Poor planning leads to last-minute meetings and canceled appointments. Member care is claimed as a priority but not practiced. Unprofessional behavior from managers during calls. Supervisors misinterpret accountability as disrespect. HR provides inconsistent guidance and does not model professionalism,,"Hello everyone, I’ve taken time away to reflect on my experience at Serene, The values Serene promotes are not reflected in its leadership. Favoritism, unprofessional behavior, poor planning, and a lack of accountability have made it clear this environment won’t change. To those who work with integrity every day—you deserve better"
2025-12-11,"Dec 11, 2025",Indeed,,none,neutral,0.2263,Management & Leadership; Micromanagement & Surveillance; Meaningful / Patient Work,Micromanaging,Anonymous,,,,,"This is a great place if you love helping people, but upper management ruins it by micromanaging everything you do. You start on a 90 day probationary period, and they have very strict rules.",
2025-12-19,"Dec 19, 2025",Glassdoor,2.0,glassdoor_overall,negative,0.34,Management & Leadership; Micromanagement & Surveillance; Pay & Benefits; Coworkers & Team,Not paid enough,Lead case manager,"San Diego, CA",Current employee,The coworkers make it worthwhile,You feel micromanaged by leadership or management,,
2025-12-22,"Dec 22, 2025",Indeed,1.0,indeed_topics,negative,-0.872,Management & Leadership; Micromanagement & Surveillance; Workload & Burnout,Micromanaging and unfair treatment (expected to call 100+ monthly),Lead Care Manager,"Los Angeles, CA",,honestly none,"micromanaging, unfair treatment, high work load, stress","Company doesn’t care for employees. Dismiss complains about unfair treatment/harassment from higher management. Micromanaging,employees are stressed.",
2026-01-07,"Jan 07, 2026",Glassdoor,1.0,glassdoor_overall,negative,-0.9111,Management & Leadership; Micromanagement & Surveillance; Pay & Benefits; Workload & Burnout; Culture & Toxicity; Career Growth & Advancement; Turnover & Retention; Coworkers & Team,Soul Sucking,Lead care manager,"San Diego, CA",Former employee,"The team was cool, we trauma bonded I guess","Everything. This place will bleed you dry. No growth opportunities. EXTREME micromanaging. Bad office politics. Bad benefits. Mid pay. Bad upper management. Bad PTO. Culture of threats and punishment, not celebration and reward. The punishment system is kind of like kindergarten, warnings, write ups, corrective actions. When I was at this job I was stuck completing processes that don't actually help people long term, getting chewed out every step of the way, having to beg for time off after being completely burnt out by the company culture. You will be watched and monitored on when you come in, when you leave, when you take breaks, who you talk to, how long you talk to them for, who are you friends with. When you're there, they are going to try to convince you that you are treated well and that all companies are like this. You are being GASLIT. If an employer has to tell you everyday that you are the problem, that you just need to be positive and grateful and complain less, then it should be a huge red flag. I know now that I was being gaslit because I left. No one stays for longer than a few years here. Most leave after just months. I left and will never ever ever look back, I'm so much happier",,
2026-02-12,"Feb 12, 2026",Indeed,,none,positive,0.9259,Management & Leadership; Culture & Toxicity; Meaningful / Patient Work,Good for your resume,Lead Care Manager,,,,,"Rewarding patient care, but management is condescending. I wish they were more understanding and kinder to staff. The culture is very cliquey and toxic.",
2026-02-12,"Feb 12, 2026",Indeed,1.2,indeed_topics,negative,0.9967,Management & Leadership; Micromanagement & Surveillance; Career Growth & Advancement; Communication & Organization; Coworkers & Team; Meaningful / Patient Work,"Great patient relationships, challenging management environment",Lead Care Manager,,,"Meaningful patient relationships, Hands-on care coordination experience, Strong communication skill development, Exposure to resource management, Good entry-level healthcare experience","Heavy emphasis on metrics with closely monitored performance, and management communication could feel overly critical rather than supportive","A typical day as a Lead Care Manager included calling patients, documenting encounters, coordinating resources, and conducting in-person meetings. The role was very hands-on and relationship-based, which I truly enjoyed. Building trust with patients and supporting them through personal health challenges was the most rewarding part of the job. Coming from a healthcare background, this position helped me grow in communication, care coordination, and patient advocacy skills. This job is a good opportunity for gaining experience, especially for those newer to care management. However, the work environment can be challenging. There is a strong emphasis on metrics and productivity, and management closely monitors performance. While accountability is important, the approach can sometimes feel overly critical. Communication from upper leadership did not always feel supportive, particularly when team members had questions or were behind on goals. The hardest part of the job was balancing meaningful patient care with strict performance expectations. The most enjoyable part was the relationships built with patients and seeing their progress over time. Overall, while I value the experience I gained, I would recommend this company primarily to those seeking short-term experience rather than long-term growth.",
2026-02-12,"Feb 12, 2026",Indeed,,none,positive,0.9927,Career Growth & Advancement; Communication & Organization; Meaningful / Patient Work,Great communication and team support,Data Entry,"San Diego, CA",,,,"Working here was a very rewarding experience both professionally and personally. It is a dynamic environment where teamwork, open communication, and data-driven decision-making are truly valued. I had the opportunity to optimize processes, develop reports and dashboards, and collaborate with different teams to improve operational outcomes. The culture encourages accountability, mutual support, and professional growth. I felt heard and appreciated, and I was able to contribute my analytical and organizational skills to create meaningful impact. I would definitely recommend this workplace to anyone looking to grow and make a difference.",
2026-02-17,"Feb 17, 2026",Indeed,,none,positive,0.3818,Workload & Burnout; Turnover & Retention; Meaningful / Patient Work,High turnover rate,Lead Care Manager,,,,,"Difficult to set boundaries here, even with a high case load and expectations. You will be expected to find resources on your own and to be creative when helping clients.",
2026-03-03,"Mar 03, 2026",Indeed,,none,negative,-0.7798,Management & Leadership; Micromanagement & Surveillance; Workload & Burnout; Culture & Toxicity; Coworkers & Team; Meaningful / Patient Work; Flexibility & Schedule; Work Conditions & Safety,"Micromanagement, low trust, and poor morale made it extremely painful to wake up and go to work each day",Lead Care Manager,"El Centro, CA",,,,"What is the best part of working at the company? Helping the members is the only good part of this company. Other than that’s Micromanaging is extreme. You can’t even go comfortably to the restroom. What is the most stressful part about working at the company? The micromanaging, the watching your every move, making one person do the job of multiple, ridiculous expectations and no flexibility. Management and HR are unprofessional and extremely rude. What is the work environment and culture like at the company? The work environment is highly micromanaged, with limited trust or autonomy given to team members. Tasks require excessive oversight, and decisions are frequently second-guessed, which slows productivity and discourages initiative. Feedback is often critical rather than constructive, creating a culture where employees focus more on avoiding mistakes than contributing ideas. This approach has negatively impacted morale, collaboration, and overall team engagement.",
2026-03-03,"Mar 03, 2026",Indeed,,none,negative,-0.8268,Management & Leadership; Micromanagement & Surveillance; Pay & Benefits; Workload & Burnout; Culture & Toxicity; Communication & Organization; Turnover & Retention; Work Conditions & Safety,Micromanaging,Lead Care Manager,"El Centro, CA",,,,"Unfortunately, the work environment at this location is extremely difficult due to poor management practices and excessive micromanagement. Employees are required to track and document nearly every task through multiple spreadsheets, outreach logs, and internal lists that are often incomplete or outdated. Instead of supporting staff, this level of micromanagement creates unnecessary stress and inefficiency. Our office is required to complete significantly more administrative tracking and outreach requirements than other locations, including additional contact attempts, swap lists, spreadsheets for in-person visits, and documentation systems that are not consistently used across the organization. This creates an unequal workload compared to other offices. Policies are also enforced inconsistently. Some employees have been disciplined for dress code violations while others have openly violated the same policies for extended periods of time without any consequences. This creates a perception of favoritism and unequal enforcement of company rules. Communication with management and HR has also been problematic. Concerns raised by employees regarding workplace issues and policy inconsistencies have gone unanswered for long periods of time. There have also been concerns related to workplace health and safety practices that were not handled appropriately, which resulted in staff becoming ill and missing work. The high turnover of employees and supervisors reflects the overall management culture and the level of frustration experienced by staff. I hope leadership takes steps to address these issues by improving communication, ensuring fair policy enforcement, and reducing unnecessary micromanagement so employees can focus on providing quality work.",
2026-03-05,"Mar 05, 2026",Indeed,,none,negative,-0.819,Management & Leadership; Micromanagement & Surveillance; Workload & Burnout; Training & Onboarding,Horrible company! Look somewhere else!,Lead Case Manager,,,,,"What is the best part of working at the company? Absolutely NOTHING!!! Worst company to work for. You get no support, management is horrible and does not communicate with each other. When you voice your concerns, they ignore you. What is the most stressful part about working at the company? They expect you do 100 different task without training you properly and expect you to understand it within a few days not even a week . What is the work environment and culture like at the company? Horrible you will be micromanage. You have to let everyone know what you are doing at all times.",
2026-04-19,"Apr 19, 2026",Indeed,,none,positive,0.7717,Training & Onboarding,Easy Onboarding,Lead Care Manager,,,,,"Initial application, responsive and rapid recruitment contact turn-around, virtual meet and greet screening, quick in-person team interview and onboarding process is relatively seamless.",
2026-04-23,"Apr 23, 2026",Indeed,1.0,indeed_topics,negative,-0.5583,Management & Leadership; Pay & Benefits,Do not work here,Lead Care Manager,"San Diego, CA",,Nons,"Poor management, poor pay and benefits",Awful place to work with extremely poor management. This place will deteriorate your mental health. PLEASEEEE read Glassdoor reviews before accepting the offer. They will hire anyone because they work them to the bone,
2026-04-24,"Apr 24, 2026",Indeed,,none,positive,0.9419,Workload & Burnout; Culture & Toxicity; Flexibility & Schedule,It’s a decent job,Lead Care Manager,"San Diego, CA",,,,"What is the best part of working at the company? The job is very flexible, and you have the option to work 4/10s What is the most stressful part about working at the company? The expectations change on very short notice What is the work environment and culture like at the company? It’s okay , as long as you start out of work place drama you’ll be fine What is a typical day like for you at the company? Making calls, creating care plans and doing field work",
2026-05-14,"May 14, 2026",Indeed,1.4,indeed_topics,negative,-0.5095,Management & Leadership; Pay & Benefits; Culture & Toxicity; Communication & Organization; Turnover & Retention,People are great Management is awful,Patient coordinatinator,"Tinley Park, IL",,The staff is nice,It's chaos when it comes to management,The level of unprofessionalism at this company is absurd. There is constant turn over because they don't compensate employees fairly for their work. There is zero organization and zero accountability on behalf of management. It's the most chaotic work environment I've ever experienced.,
2026-05-26,"May 26, 2026",Indeed,,none,negative,-0.9363,Management & Leadership; Workload & Burnout; Culture & Toxicity; Communication & Organization,Horrible place to work,Outreach Specialist,"Sacramento, CA",,,,"My experience with management at Serene Health was disappointing, especially with Ramon Anguiano. In my opinion, the management style came across as passive-aggressive and disorganized. Communication and leadership lacked professionalism, and there seemed to be difficulty handling responsibilities effectively. Overall, the workplace environment felt poorly managed and stressful. Do NOT WORK FOR OUTREACH! You will be under incompetent leadership. Everyone from each location has the same issue with the same leadership. RUN!!!!!!!!",
